,0,1,2,3,4,5,6,7
0,Loan01,Loan04,Loan03,Loan07,Loan05,Loan08,Loan06,Loan02
1,Loan01,Loan04,Loan03,Loan07,Loan05,Loan08,Loan06,Loan02
2,Loan01,Loan04,Loan03,Loan07,Loan05,Loan08,Loan06,Loan02
3,Loan01,Loan04,Loan03,Loan07,Loan05,Loan08,Loan06,Loan02
4,Loan01,Loan04,Loan03,Loan07,Loan05,Loan08,Loan02,Loan06
5,Loan01,Loan04,Loan03,Loan05,Loan07,Loan02,Loan08,Loan06
6,Loan01,Loan04,Loan03,Loan05,Loan07,Loan02,Loan08,Loan06
7,Loan01,Loan03,Loan04,Loan05,Loan07,Loan02,Loan06,Loan08
8,Loan01,Loan03,Loan04,Loan05,Loan02,Loan07,Loan06,Loan08
9,Loan01,Loan03,Loan04,Loan05,Loan02,Loan07,Loan06,Loan08
10,Loan01,Loan03,Loan04,Loan02,Loan05,Loan07,Loan06,Loan08
11,Loan01,Loan03,Loan04,Loan02,Loan05,Loan07,Loan06,Loan08
12,Loan01,Loan03,Loan02,Loan04,Loan05,Loan07,Loan06,Loan08
13,Loan01,Loan03,Loan02,Loan04,Loan05,Loan07,Loan06,Loan08
14,Loan01,Loan03,Loan02,Loan04,Loan05,Loan07,Loan06,Loan08
15,Loan01,Loan02,Loan03,Loan04,Loan05,Loan06,Loan07,Loan08
16,Loan01,Loan02,Loan03,Loan05,Loan04,Loan06,Loan07,Loan08
17,Loan01,Loan02,Loan03,Loan05,Loan04,Loan06,Loan07,Loan08
18,Loan02,Loan01,Loan03,Loan05,Loan04,Loan06,Loan07,Loan08
19,Loan02,Loan01,Loan03,Loan05,Loan04,Loan06,Loan07,Loan08
20,Loan02,Loan01,Loan03,Loan05,Loan04,Loan06,Loan07,Loan08
